id,count,frequency_percent,frequency_settled_percent,ci95_percent
Qf4i_0007,75,7.5,7.637474541751527,"[6.025180497346736, 9.30009397392545]"
Qf4i_0002,73,7.3,7.433808553971486,"[5.8459026212413345, 9.08090255342507]"
Qf4i_0015,72,7.2,7.3319755600814664,"[5.756392168091441, 8.971178358272077]"
Qf4i_0009,68,6.8,6.924643584521385,"[5.399245780853016, 8.531386152298948]"
Qf4i_0011,68,6.8,6.924643584521385,"[5.399245780853016, 8.531386152298948]"
Qf4i_0013,68,6.8,6.924643584521385,"[5.399245780853016, 8.531386152298948]"
Qf4i_0005,67,6.7,6.822810590631365,"[5.310191960662385, 8.421205324186689]"
Qf4i_0006,66,6.6,6.720977596741344,"[5.221235045948585, 8.3109275905976]"
Qf4i_0010,58,5.8,5.906313645621181,"[4.513327823499824, 7.42495762662325]"
Qf4i_0003,55,5.5,5.6008146639511205,"[4.249742737476844, 7.090838767737563]"
Qf4i_0016,55,5.5,5.6008146639511205,"[4.249742737476844, 7.090838767737563]"
Qf4i_0001,54,5.4,5.4989816700611,"[4.1621313723062725, 6.979215484605245]"
Qf4i_0012,53,5.3,5.39714867617108,"[4.074650524859452, 6.867461683749177]"
Qf4i_0008,50,5.0,5.091649694501018,"[3.813026239274882, 6.531382024425081]"
Qf4i_0017,50,5.0,5.091649694501018,"[3.813026239274882, 6.531382024425081]"
Qf4i_0004,49,4.9,4.989816700610998,"[3.7261034647360614, 6.419070150661013]"
Qf4i_0014,1,0.1,0.10183299389002037,"[0.01765463706260781, 0.5642558597957935]"
