trial,seed,status,pose_id,match_status,roadmap_pose_id,initial_quat_xyzw,final_quat_xyzw,final_pos_chute_mm,sim_time_s,actual_drop_height_mm,actual_lateral_mm,initial_pos_chute_mm,roughness_impulse_count
0,2684470948,settled,Kk1a_0001,unmatched,,"[0.349089743713377, 0.08400502135107916, 0.056934439305736904, -0.9315782183171066]","[0.006438031234197948, 0.6783056925780336, 0.052035430746337194, -0.7329067151535076]","[482.07533289461014, 11.234261324719803, 11.21658015147843]",5.350000000000121,100.0,0.0,"[50.0, 91.17980057829178, 91.17980057829176]",18
1,4091952314,unsettled,,not_evaluated,,"[-0.17049489125704653, 0.20532709385459424, 0.2597125984666087, 0.9280741580187418]","[-0.024373230714648253, -0.03647042665697403, -0.5236860727696379, 0.8507812590737425]","[481.2628373522593, 11.225807314561015, 16.668139689561517]",10.079999999999853,100.0,0.0,"[50.0, 91.44903813907152, 91.44903813907153]",9
2,233227757,settled,Kk1a_0001,unmatched,,"[-0.20480810163161187, 0.4982271422400755, 0.5959252640682177, -0.5955639645634782]","[-0.433551108564841, 0.5218225931915457, 0.5131848382153645, -0.5257146938434556]","[481.4668559492601, 11.230239080659091, 11.215862718748586]",5.1500000000000545,100.0,0.0,"[50.0, 88.43911585107809, 88.43911585107807]",30
3,3276785861,settled,Kk1a_0001,unmatched,,"[-0.06476159517851178, 0.4273534090302821, -0.8690822779070483, 0.24056390794969013]","[0.6721050278567351, 0.09167495645907259, -0.7177110461531734, -0.15735751687683106]","[481.6930118346526, 11.21963373670246, 11.227446247323691]",5.440000000000151,100.0,0.0,"[50.0, 91.20591237823214, 91.20591237823216]",31
4,3644269654,unsettled,,not_evaluated,,"[-0.014279672063401007, -0.3020425176314726, -0.9375844928891162, 0.1717606683803424]","[0.03897738348620685, -0.01991967371914771, -0.7903870302083484, -0.611041989272357]","[481.5979767288258, 11.218495870209374, 16.67522642898052]",10.069999999999858,100.0,0.0,"[50.0, 91.42060825854864, 91.42060825854865]",17
5,1206282609,settled,Kk1a_0002,unmatched,,"[0.5013371598926143, -0.8114746127900386, -0.0032762861669307047, -0.30026533409139416]","[0.3659513521988385, -0.5711107078804173, 0.3454135296989528, -0.6485380950021987]","[481.2725568295585, 11.220818763991446, 11.223422066981279]",5.200000000000071,100.0,0.0,"[50.0, 91.17335665461688, 91.1733566546169]",32
6,3543069911,unsettled,,not_evaluated,,"[-0.13404834235336777, 0.26953815910033546, -0.46707971399657333, 0.8313944692346683]","[-0.017649785767684247, -0.03995882111338824, -0.6630509225649619, 0.747298636264871]","[481.55211944342227, 11.223795290300746, 16.65832219733488]",10.02999999999988,100.0,0.0,"[50.0, 91.43313820007083, 91.43313820007084]",4
7,3479688010,unsettled,,not_evaluated,,"[-0.32606207839901974, -0.08560879807848332, -0.6532843717329692, 0.6779190101856776]","[0.01662007304515479, -0.04035111717427581, -0.9982929426213141, 0.03881702239017544]","[481.4001500735385, 11.225570656244365, 16.6611573527314]",10.009999999999891,100.0,0.0,"[50.0, 91.30618904044003, 91.30618904044005]",10
8,877132087,unsettled,,not_evaluated,,"[0.5724358435648497, -0.17574059521237254, 0.22115948882353434, 0.769753810448453]","[-0.6759495509205922, -0.20606676575247704, 0.2063623530434454, -0.6767889419227652]","[481.76028502051236, 14.168677264570576, 11.972584418744617]",7.850000000000956,100.0,0.0,"[50.0, 89.6762321860289, 89.67623218602891]",30
9,1244265337,unsettled,,not_evaluated,,"[-0.9163656239680553, -0.3124533183594708, 0.1567298713931644, -0.19514792970686085]","[-0.7489104126301941, 0.6626712481446051, 4.848117091693638e-05, 9.157575996648903e-05]","[481.5512875773868, 11.990109847549329, 14.140430823794562]",5.170000000000061,100.0,0.0,"[50.0, 90.8981753212012, 90.89817532120121]",19
